City_ID,City,Lat,Lng,Max Temp,Humidity,Cloudiness,Wind Speed,Country,Date
0,gushu,31.5598,118.4829,302.14,77,100,3.75,CN,1690075911
1,howard springs,-12.497,131.047,299.16,25,46,6.3,AU,1690075911
2,cheyenne,41.14,-104.8203,299.23,36,0,2.06,US,1690075911
3,nuku'alofa,-21.1333,-175.2,296.3,79,22,7.45,TO,1690075912
4,waitangi,-43.9535,-176.5597,284.72,97,100,5.81,NZ,1690075912
5,magistral'nyy,56.1725,107.4458,298.73,41,15,1.22,RU,1690075912
6,port-aux-francais,-49.35,70.2167,276.17,96,97,9.31,TF,1690075912
7,invercargill,-46.4,168.35,282.49,88,98,3.2,NZ,1690075912
8,puerto ayora,-0.7393,-90.3518,297.6,78,33,4.87,EC,1690075912
9,adamstown,-25.066,-130.1015,294.08,65,0,4.97,PN,1690075912
10,kidal,18.4411,1.4078,305.84,33,3,5.25,ML,1690075913
11,albany,42.6001,-73.9662,292.16,80,11,2.61,US,1690075913
12,adampur,31.4328,75.7175,300.32,91,100,1.71,IN,1690075913
13,ushuaia,-54.8,-68.3,271.96,74,20,5.14,AR,1690075913
14,grytviken,-54.2811,-36.5092,268.16,79,19,4.24,GS,1690075913
15,thompson,55.7435,-97.8558,289.24,55,75,3.6,CA,1690075913
16,east london,-33.0153,27.9116,288.75,77,7,4.8,ZA,1690075913
17,wailua homesteads,22.0669,-159.378,301.59,77,20,6.69,US,1690075914
18,bredasdorp,-34.5322,20.0403,284.03,89,100,2.61,ZA,1690075914
19,hawaiian paradise park,19.5933,-154.9731,302.44,83,20,5.14,US,1690075914
20,west island,-12.1568,96.8225,298.14,83,75,6.69,CC,1690075914
21,petropavlovsk-kamchatsky,53.0452,158.6483,294.48,56,75,2.0,RU,1690075844
22,bodaybo,57.8506,114.1933,299.16,54,18,0.69,RU,1690075914
23,rio gallegos,-51.6226,-69.2181,268.18,93,75,6.69,AR,1690075914
24,bikin,46.8161,134.26,296.89,76,100,1.01,RU,1690075915
25,nagqu,31.5,92.0,283.33,64,89,3.2,CN,1690075915
26,remire-montjoly,4.9167,-52.2667,298.17,100,40,0.0,GF,1690075915
27,karratha,-20.7377,116.8463,293.55,23,0,12.27,AU,1690075915
28,shendi,16.6915,33.4341,305.17,39,11,9.39,SD,1690075915
29,olonkinbyen,70.9221,-8.7187,278.42,80,100,3.62,SJ,1690075915
30,vila franca do campo,37.7167,-25.4333,292.38,78,3,1.16,PT,1690075915
31,bilibino,68.0546,166.4372,301.04,33,94,5.03,RU,1690075915
32,port elizabeth,-33.918,25.5701,285.31,76,0,5.14,ZA,1690075916
33,yellowknife,62.456,-114.3525,294.44,32,100,3.09,CA,1690075322
34,chinde,26.8418,88.0763,295.81,79,73,1.35,NP,1690075916
35,selfoss,63.9331,-20.9971,285.4,87,83,1.87,IS,1690075916
36,letlhakeng,-24.0944,25.0298,283.2,90,1,3.26,BW,1690075916
37,lata,40.1629,-8.3327,290.82,98,24,0.65,PT,1690075916
38,saint-mandrier-sur-mer,43.078,5.929,298.58,67,0,0.89,FR,1690075916
39,flying fish cove,-10.4217,105.6791,297.97,88,100,4.12,CX,1690075917
40,shirgaon,19.7,72.7,299.95,89,100,6.27,IN,1690075917
41,pad idan,26.7748,68.302,307.27,54,100,3.62,PK,1690075917
42,alice springs,-23.7,133.8833,284.9,58,40,8.23,AU,1690075843
43,constantia,44.1833,28.65,297.53,71,1,4.96,RO,1690075917
44,arraial do cabo,-22.9661,-42.0278,293.81,87,0,9.23,BR,1690075917
45,margaret river,-33.95,115.0667,287.9,70,26,4.78,AU,1690075917
46,iqaluit,63.7506,-68.5145,282.0,81,75,3.09,CA,1690075812
47,hermanus,-34.4187,19.2345,283.04,75,100,4.37,ZA,1690075918
48,ust-nera,64.5667,143.2,290.48,56,78,1.5,RU,1690075918
49,ribeira grande,38.5167,-28.7,293.58,85,15,1.79,PT,1690075918
50,kitimat,54.0524,-128.6534,289.36,72,100,2.68,CA,1690075918
51,dudinka,69.4058,86.1778,290.89,84,91,5.06,RU,1690075918
52,alofi,-19.0595,-169.9187,300.09,74,41,5.14,NU,1690075918
53,ilulissat,69.2167,-51.1,278.16,100,100,3.09,GL,1690075918
54,nabire,-3.3667,135.4833,301.18,74,100,2.0,ID,1690075919
55,puerto natales,-51.7236,-72.4875,268.56,92,43,1.5,CL,1690075919
56,weno,7.4515,151.8468,302.12,89,100,2.06,FM,1690075919
57,anadyr,64.75,177.4833,288.15,77,75,6.71,RU,1690075919
58,galle,6.0367,80.217,300.45,84,35,6.38,LK,1690075919
59,bani mazar,28.5036,30.8004,300.92,55,0,6.49,EG,1690075919
60,ha tien,10.3833,104.4833,300.91,81,98,7.72,VN,1690075920
61,formosa do rio preto,-11.0483,-45.1931,293.17,66,11,2.01,BR,1690075920
62,mar del plata,-38.0023,-57.5575,284.79,90,0,5.81,AR,1690075790
63,sussex,41.1834,-74.6663,295.54,74,0,0.45,US,1690075920
64,isafjordur,66.0755,-23.124,283.94,85,100,0.26,IS,1690075920
65,mwingi,-0.9344,38.0601,291.83,79,96,3.14,KE,1690075920
66,kodiak,57.79,-152.4072,284.88,82,0,2.57,US,1690075920
67,zima,53.9202,102.0442,295.4,50,17,3.14,RU,1690075920
68,zemio,5.0314,25.1361,292.71,97,100,0.38,CF,1690075920
69,taulaga,-11.0553,-171.0883,301.27,71,6,1.29,AS,1690075921
70,new norfolk,-42.7826,147.0587,286.32,58,97,2.44,AU,1690075921
71,douz,33.4663,9.0203,304.6,17,0,3.81,TN,1690075921
72,dunedin,-45.8742,170.5036,282.48,91,100,4.12,NZ,1690075921
73,chernyshevskiy,63.0128,112.4714,300.44,38,66,1.8,RU,1690075921
74,saint-pierre,-21.3393,55.4781,291.8,82,0,3.09,RE,1690075921
75,kone,-21.0595,164.8658,296.2,43,21,5.58,NC,1690075922
76,udachny,66.4167,112.4,300.07,34,53,8.19,RU,1690075922
77,luderitz,-26.6481,15.1594,284.74,64,88,4.34,NA,1690075922
78,lewiston orchards,46.3804,-116.9754,309.54,17,0,5.14,US,1690075922
79,amga,60.8953,131.9608,298.63,48,40,4.18,RU,1690075922
80,betio village,1.358,172.9211,304.17,75,16,4.03,KI,1690075922
81,coyhaique,-45.5752,-72.0662,270.25,98,32,1.82,CL,1690075922
82,lijiang,26.8688,100.2207,293.65,74,21,0.86,CN,1690075923
83,jamestown,42.097,-79.2353,292.95,72,0,2.06,US,1690075923
84,kashmar,35.2383,58.4656,298.81,22,0,1.75,IR,1690075923
85,prado,-17.3411,-39.2208,294.88,90,37,5.36,BR,1690075923
86,stanley,54.868,-1.6985,287.48,94,100,4.63,GB,1690075923
87,letterkenny,54.95,-7.7333,286.86,98,100,4.02,IE,1690075924
88,edinburgh of the seven seas,-37.0676,-12.3116,285.56,70,47,7.33,SH,1690075924
89,newtown trim,53.5561,-6.77,288.42,98,100,4.63,IE,1690075924
90,kalymnos,36.95,26.9833,303.89,45,0,5.14,GR,1690075924
91,soure,-0.7167,-48.5233,299.22,78,62,4.48,BR,1690075924
92,ilhabela,-23.7781,-45.3581,292.16,89,7,2.57,BR,1690075924
93,san antonio de pale,-1.4014,5.6325,296.0,78,73,5.18,GQ,1690075924
94,iskateley,67.6803,53.1512,286.19,97,100,4.38,RU,1690075925
95,klichaw,53.4928,29.3352,284.63,98,74,2.32,BY,1690075925
96,qarqaraly,49.4058,75.4742,294.12,33,3,1.3,KZ,1690075925
97,kerikeri,-35.2268,173.9474,289.21,67,5,2.24,NZ,1690075925
98,acarau,-2.8856,-40.12,298.57,80,13,5.32,BR,1690075925
99,qaqortoq,60.7167,-46.0333,285.55,70,100,3.07,GL,1690075926
100,acapulco de juarez,16.8634,-99.8901,301.05,69,75,4.12,MX,1690075827
101,keren,15.7778,38.4581,296.3,71,82,1.95,ER,1690075926
102,rabigh,22.7986,39.0349,302.8,72,60,2.79,SA,1690075926
103,saipan,15.1355,145.701,304.54,100,75,7.15,MP,1690075798
104,vilyuysk,63.7553,121.6247,301.9,39,61,3.08,RU,1690075926
105,urumqi,43.801,87.6005,301.68,28,0,3.0,CN,1690075670
106,whitehorse,60.7161,-135.0538,298.58,50,75,4.02,CA,1690075767
107,papatowai,-46.5619,169.4708,282.08,93,100,3.54,NZ,1690075927
108,mataro,41.5421,2.4445,298.61,78,1,0.45,ES,1690075927
109,stephenville,32.2207,-98.2023,307.22,33,0,4.12,US,1690075927
110,shanting,35.0753,117.4578,303.92,64,0,2.87,CN,1690075927
111,uturoa,-16.7333,-151.4333,297.89,74,77,4.75,PF,1690075927
112,pacific grove,36.6177,-121.9166,297.73,84,0,4.12,US,1690075928
113,srebrenik,44.7078,18.4881,291.51,96,2,0.53,BA,1690075928
114,bata,1.8639,9.7658,296.82,87,96,2.93,GQ,1690075928
115,essaouira,31.5125,-9.77,294.87,78,0,4.63,MA,1690075928
116,mitu,1.1983,-70.1733,295.34,94,68,0.61,CO,1690075929
117,enewetak,11.3474,162.3373,301.89,75,64,6.91,MH,1690075929
118,atafu village,-8.5421,-172.5159,301.56,73,5,3.03,TK,1690075929
119,pontiac,42.6389,-83.2911,295.83,78,40,0.0,US,1690075929
120,afaahiti,-17.75,-149.2833,300.08,66,26,3.9,PF,1690075929
121,tarrafal de sao nicolau,16.5667,-24.3667,298.18,75,64,7.36,CV,1690075929
122,san rafael,-34.6177,-68.3301,282.84,60,100,3.67,AR,1690075930
123,port lincoln,-34.7333,135.8667,286.6,63,100,5.36,AU,1690075930
124,nemuro,43.3236,145.575,290.39,86,99,6.19,JP,1690075930
125,xilin hot,43.9667,116.0333,292.95,64,100,5.63,CN,1690075930
126,robbah,33.2797,6.9098,307.95,10,0,4.11,DZ,1690075930
127,gaiman,-43.2897,-65.4929,278.35,62,68,4.03,AR,1690075930
128,maintirano,-18.0667,44.0167,293.92,90,61,3.13,MG,1690075931
129,pimentel,-6.8367,-79.9342,295.31,78,0,7.2,PE,1690075931
130,road town,18.4167,-64.6167,302.2,74,20,2.57,VG,1690075931
131,blackmans bay,-43.0167,147.3167,285.66,65,98,1.9,AU,1690075931
132,usinsk,65.9939,57.5281,289.06,90,97,3.51,RU,1690075931
133,farafangana,-22.8167,47.8333,292.88,88,99,1.15,MG,1690075932
134,chonchi,-42.6128,-73.8092,275.99,90,41,1.19,CL,1690075932
135,al kharijah,25.4514,30.5464,302.05,20,40,3.46,EG,1690075932
136,tolanaro,-25.0319,46.9987,293.19,83,20,3.09,MG,1690075932
137,rye,40.9807,-73.6837,300.88,72,0,0.0,US,1690075772
138,tiksi,71.6872,128.8694,282.2,64,60,2.18,RU,1690075932
139,fiambala,-27.6871,-67.6149,293.73,8,43,0.84,AR,1690075932
140,port alfred,-33.5906,26.891,286.87,80,3,5.08,ZA,1690075933
141,senanga,-16.1167,23.2667,288.07,53,53,3.09,ZM,1690075933
142,tarko-sale,64.9225,77.785,295.41,58,100,4.29,RU,1690075933
143,leava,-14.3,-178.1667,299.47,73,6,5.52,WF,1690075933
144,magadan,59.5667,150.8,287.89,96,100,1.8,RU,1690075933
145,bethel,41.3712,-73.414,297.35,78,0,1.54,US,1690075805
146,calvinia,-31.4707,19.776,276.79,46,2,1.54,ZA,1690075933
147,junagarh,19.8667,82.9333,299.97,82,87,1.24,IN,1690075934
148,cantaura,9.3057,-64.3584,298.77,71,100,2.78,VE,1690075934
149,kalat,29.0225,66.5916,295.93,65,94,1.23,PK,1690075934
150,itaueira,-7.6033,-43.0256,294.57,41,16,2.1,BR,1690075934
151,jati,24.3539,68.2671,302.85,77,100,1.74,PK,1690075934
152,bardai,11.65,7.2333,295.1,88,83,2.47,NG,1690075934
153,veraval,20.9,70.3667,299.43,92,100,4.2,IN,1690075934
154,burang,30.25,81.1667,283.35,85,100,2.27,CN,1690075935
155,pisco,-13.7,-76.2167,292.18,77,0,7.2,PE,1690075935
156,gavarr,40.354,45.1239,287.82,81,0,0.53,AM,1690075935
157,balabac,7.9868,117.0645,301.82,74,100,2.63,PH,1690075935
158,saladas,-28.2538,-58.6259,296.89,48,100,4.84,AR,1690075935
159,lihue,21.9789,-159.3672,301.92,76,20,6.69,US,1690075922
160,askoy,60.4092,5.226,286.5,52,40,1.03,NO,1690075936
161,crane,31.3974,-102.3501,305.85,32,42,5.4,US,1690075936
162,beni,0.5,29.4667,290.36,59,34,1.01,CD,1690075936
163,marang,5.2056,103.2059,300.1,79,92,1.52,MY,1690075936
164,rio grande,-32.035,-52.0986,292.56,88,100,5.63,BR,1690075936
165,coquimbo,-29.9533,-71.3436,286.0,100,0,1.54,CL,1690075936
166,la passe,45.5549,-0.8967,292.03,89,97,3.85,FR,1690075937
167,parral,26.9333,-105.6667,300.22,20,23,6.91,MX,1690075937
168,port mathurin,-19.6833,63.4167,296.31,69,21,9.58,MU,1690075937
169,pangai,-19.8,-174.35,297.33,70,44,5.6,TO,1690075937
170,north bend,43.4065,-124.2243,294.77,77,0,7.2,US,1690075937
171,shakawe,-18.3667,21.85,286.66,52,0,2.37,BW,1690075937
172,lebu,-37.6167,-73.65,282.1,88,92,1.86,CL,1690075938
173,kapa'a,22.0752,-159.319,302.33,76,20,6.69,US,1690075938
174,fortuna,40.5982,-124.1573,294.22,77,0,5.66,US,1690075938
175,namibe,-15.1961,12.1522,290.41,75,74,4.28,AO,1690075938
176,tadine,-21.55,167.8833,294.99,52,0,7.17,NC,1690075938
177,paramonga,-10.6667,-77.8333,292.65,81,72,3.33,PE,1690075938
178,puerto libertad,-25.9164,-54.6209,297.0,59,5,3.08,AR,1690075939
179,kyren,51.6828,102.1408,294.87,58,12,0.4,RU,1690075939
180,carnarvon,-24.8667,113.6333,292.4,34,0,9.74,AU,1690075939
181,khandyga,62.6667,135.6,295.19,48,30,2.15,RU,1690075939
182,tazovsky,67.4667,78.7,288.89,85,71,1.76,RU,1690075939
183,mumias,0.3351,34.4864,289.4,81,25,1.9,KE,1690075939
184,mujiayingzi,42.1167,118.7833,297.46,59,51,4.18,CN,1690075939
185,midelt,32.6852,-4.7451,298.69,17,67,1.85,MA,1690075940
186,vorgashor,67.5833,63.95,290.44,91,96,0.46,RU,1690075940
187,avarua,-21.2078,-159.775,295.18,100,75,6.69,CK,1690075940
188,port saint john's,-31.6229,29.5448,290.56,53,0,2.49,ZA,1690075940
189,ponta delgada,37.7333,-25.6667,292.55,82,20,2.06,PT,1690075940
190,kenai,60.5544,-151.2583,293.2,69,0,5.14,US,1690075672
191,kourou,5.1552,-52.6478,298.18,86,39,3.6,GF,1690075941
192,semporna,4.4818,118.6112,301.37,70,100,2.47,MY,1690075941
193,baragua,21.6967,-78.6328,298.26,87,20,3.2,CU,1690075941
194,vadso,70.0744,29.7487,281.64,100,100,5.66,NO,1690075941
195,sitka,57.0531,-135.33,290.09,82,100,1.54,US,1690075941
196,urengoy,65.9667,78.3667,295.3,63,100,2.54,RU,1690075941
197,susuman,62.7833,148.1667,284.8,83,100,2.26,RU,1690075942
198,mount pearl,47.5166,-52.7813,292.34,94,75,4.12,CA,1690075804
199,shingu,33.7333,135.9833,301.24,70,4,3.14,JP,1690075942
200,labytnangi,66.6572,66.4183,290.48,93,100,4.02,RU,1690075942
201,al bawiti,28.3492,28.8659,299.48,51,0,4.38,EG,1690075942
202,fuglafjordur,62.244,-6.814,283.41,87,55,4.82,FO,1690075942
203,tiassale,5.8983,-4.8283,295.53,99,100,1.03,CI,1690075942
204,port augusta,-32.5,137.7667,287.15,54,40,7.71,AU,1690075887
205,qurayyat,31.3318,37.3428,298.25,38,0,2.06,SA,1690075943
206,klobuck,50.9008,18.9367,282.51,64,50,2.63,PL,1690075943
207,fort st. john,56.2499,-120.8529,299.09,34,75,2.57,CA,1690075943
208,tulun,54.5611,100.5792,295.1,54,5,3.4,RU,1690075943
209,fale old settlement,-9.3852,-171.2468,301.61,74,43,2.88,TK,1690075943
210,haiku-pauwela,20.9219,-156.3051,304.16,64,40,11.32,US,1690075944
211,st. john's,47.5649,-52.7093,292.81,94,75,4.12,CA,1690075645
212,tralee,52.2704,-9.7026,288.1,97,100,3.77,IE,1690075944
213,gordonvale,-17.0936,145.7842,300.32,66,12,1.71,AU,1690075944
214,pocao de pedras,-4.6667,-44.85,297.04,49,6,1.83,BR,1690075944
215,mount isa,-20.7333,139.5,288.02,36,0,10.29,AU,1690075944
216,merizo village,13.2658,144.6691,304.25,85,100,4.34,GU,1690075945
217,nioki,-2.7167,17.6833,299.2,57,84,2.19,CD,1690075945
218,axim,4.8699,-2.2405,297.34,89,100,3.87,GH,1690075945
219,santo antonio,-6.3106,-35.4789,294.02,95,11,3.83,BR,1690075945
220,lemvig,56.5486,8.3102,287.12,84,53,3.14,DK,1690075945
221,minas de marcona,-15.2119,-75.1103,285.19,88,52,5.77,PE,1690075945
222,persembe,41.0656,37.7714,293.83,69,0,2.33,TR,1690075946
223,dingzhou,38.5131,114.9956,301.21,60,0,1.42,CN,1690075946
224,desnogorsk,54.1508,33.2815,286.35,99,100,2.53,RU,1690075946
225,hammerfest,70.6634,23.6821,282.4,81,5,4.12,NO,1690075868
226,seybaplaya,19.65,-90.6667,300.85,83,44,4.06,MX,1690075946
227,cabo san lucas,22.8909,-109.9124,308.49,55,0,5.14,MX,1690075828
228,balaipungut,1.05,101.2833,300.62,83,77,1.75,ID,1690075946
229,marghita,47.35,22.3333,293.11,87,100,0.04,RO,1690075947
230,isiolo,0.3546,37.5822,292.06,73,61,4.6,KE,1690075947
231,kon tum,14.35,108.0,298.97,81,68,0.77,VN,1690075947
232,tsumeb,-19.2333,17.7167,289.74,45,0,3.58,NA,1690075947
233,al artawiyah,26.5053,45.3444,302.29,13,2,2.75,SA,1690075947
234,hassi messaoud,31.6804,6.0729,305.07,9,0,2.06,DZ,1690075947
235,nguigmi,14.2495,13.1092,302.93,54,100,3.91,NE,1690075948
236,tsiombe,-25.3,45.4833,290.67,86,1,1.96,MG,1690075948
237,windsor,42.3001,-83.0165,297.2,73,0,2.06,CA,1690075877
238,drobeta-turnu severin,44.6319,22.6561,291.38,86,0,2.82,RO,1690075948
239,nova olinda do norte,-3.8881,-59.0942,298.03,54,28,1.49,BR,1690075948
240,manggar,-2.8833,108.2667,301.81,72,10,5.57,ID,1690075948
241,brookings,44.3114,-96.7984,299.32,68,6,2.86,US,1690075795
242,happy valley-goose bay,53.3168,-60.3315,293.32,88,100,5.14,CA,1690075700
243,sao tome,0.3365,6.7273,296.52,81,48,3.8,ST,1690075949
244,san-pedro,4.7485,-6.6363,297.32,89,100,3.28,CI,1690075949
245,port macquarie,-31.4333,152.9167,290.87,65,55,4.73,AU,1690075855
246,regina,50.4501,-104.6178,300.92,43,20,2.57,CA,1690075694
247,zhanaozen,43.3,52.8,301.24,36,4,5.16,KZ,1690075949
248,aral,40.5156,81.2636,306.59,18,90,8.69,CN,1690075949
249,hithadhoo,-0.6,73.0833,301.27,75,12,3.03,MV,1690075950
250,lidkoping,58.5052,13.1577,283.16,94,79,4.07,SE,1690075950
251,keflavik,64.0049,-22.5624,285.39,87,75,2.06,IS,1690075950
252,ribeira brava,32.65,-17.0667,295.5,74,48,2.31,PT,1690075950
253,yarmouth,41.7057,-70.2286,295.91,91,0,1.34,US,1690075950
254,antofagasta,-23.65,-70.4,290.75,82,44,3.59,CL,1690075951
255,liberty,31.8335,-81.5004,299.97,92,75,4.12,US,1690075719
256,kingston,17.997,-76.7936,302.68,78,20,6.69,JM,1690075752
257,camocim,-2.9022,-40.8411,297.9,79,5,4.93,BR,1690075951
258,isangel,-19.55,169.2667,298.21,69,20,2.57,VU,1690075951
259,west bay,19.3667,-81.4167,303.19,80,20,3.09,KY,1690075951
260,scarborough,54.2797,-0.4044,289.07,93,100,0.89,GB,1690075725
261,sao jose da coroa grande,-8.8978,-35.1478,297.26,76,80,6.42,BR,1690075952
262,inarajan village,13.2736,144.7484,304.48,85,100,4.41,GU,1690075952
263,nacozari de garcia,30.3742,-109.6908,296.85,59,98,4.86,MX,1690075952
264,port douglas,-16.4833,145.4667,296.47,62,6,1.71,AU,1690075952
265,horta,38.5333,-28.6333,293.16,85,24,1.79,PT,1690075953
266,cabedelo,-6.9811,-34.8339,296.52,83,77,7.55,BR,1690075673
267,hasaki,35.7333,140.8333,303.31,70,98,3.21,JP,1690075953
268,talnakh,69.4865,88.3972,292.0,84,91,0.96,RU,1690075953
269,narasannapeta,18.4167,84.05,300.99,83,99,2.49,IN,1690075953
270,sutherlin,43.3901,-123.3126,307.15,25,0,3.09,US,1690075954
271,tympaki,35.0729,24.7685,303.27,35,0,1.34,GR,1690075954
272,aginskoye,51.1,114.53,296.34,39,3,5.83,RU,1690075954
273,kongsberg,59.6652,9.6465,283.26,95,46,1.34,NO,1690075954
274,jiujiang,29.7333,115.9833,302.64,79,100,1.59,CN,1690075955
275,wenling,28.3669,121.36,301.13,85,97,4.96,CN,1690075955
276,newman,37.3138,-121.0208,315.34,8,10,2.87,US,1690075955
277,pindushi,62.9152,34.58,285.71,99,100,2.14,RU,1690075955
278,rikaze,29.25,88.8833,289.12,44,100,1.83,CN,1690075955
279,luanda,-8.8368,13.2343,293.15,94,19,3.09,AO,1690075955
280,fisterra,42.9049,-9.2629,287.45,78,100,2.72,ES,1690075956
281,peniche,39.3558,-9.3811,291.64,85,0,7.93,PT,1690075956
282,tshabong,-26.05,22.45,286.71,63,41,4.68,BW,1690075956
283,kulhudhuffushi,6.6221,73.07,301.31,79,95,6.87,MV,1690075956
284,georgetown,5.4112,100.3354,302.11,92,20,2.68,MY,1690075956
285,montrose,38.4166,-108.2673,301.82,17,0,2.96,US,1690075956
286,presidente medici,-11.1753,-61.9014,295.86,42,0,0.96,BR,1690075956
287,kostomuksha,64.571,30.5767,284.31,99,100,1.93,RU,1690075956
288,galeras,9.161,-75.0481,299.95,79,100,2.94,CO,1690075957
289,sao miguel do araguaia,-13.275,-50.1628,296.25,43,3,1.99,BR,1690075957
290,sault ste. marie,46.5168,-84.3333,295.31,62,0,3.09,CA,1690075957
291,surkhpur,32.7161,74.4461,299.97,84,100,4.24,PK,1690075957
292,phan rang-thap cham,11.5667,108.9833,304.43,57,26,0.68,VN,1690075957
293,guangming,45.3333,122.7833,291.68,96,100,8.5,CN,1690075957
294,dingtao,35.0683,115.5625,306.19,55,0,3.37,CN,1690075957
295,piacabucu,-10.4056,-36.4344,296.0,81,10,4.97,BR,1690075958
296,nabulao,9.6616,122.4577,300.15,87,100,3.99,PH,1690075958
297,panaba,21.2833,-88.2667,299.41,84,29,2.17,MX,1690075958
298,porto novo,6.4965,2.6036,297.05,92,100,2.85,BJ,1690075876
299,guerrero negro,27.9769,-114.0611,293.56,78,3,6.75,MX,1690075958
300,dongtai,32.8523,120.3095,303.03,77,98,2.47,CN,1690075958
301,duminichi,53.9345,35.1099,286.48,93,100,2.5,RU,1690075958
302,quellon,-43.1167,-73.6167,277.29,93,75,1.54,CL,1690075958
303,vrangel',42.7297,133.0839,294.15,85,96,5.34,RU,1690075959
304,aykhal,66.0,111.5,299.7,34,53,7.52,RU,1690075959
305,kristiansund,63.1115,7.732,286.18,87,40,1.54,NO,1690075959
306,rafsanjan,30.4067,55.9939,301.45,13,52,1.36,IR,1690075959
307,hadibu,12.65,54.0333,298.39,80,100,12.87,YE,1690075959
308,champerico,14.3,-91.9167,302.29,75,100,1.2,GT,1690075959
309,lishu,43.3047,124.3278,294.89,90,98,8.94,CN,1690075959
310,hettstedt,51.65,11.5,290.62,56,100,2.58,DE,1690075959
311,san patricio,28.017,-97.5169,307.34,58,0,5.96,US,1690075960
312,saudarkrokur,65.7461,-19.6394,283.36,77,100,0.35,IS,1690075960
313,mwinilunga,-11.7358,24.4293,289.29,50,2,4.04,ZM,1690075960
314,aasiaat,68.7098,-52.8699,276.65,98,100,1.99,GL,1690075960
315,jinghong,21.991,100.7341,300.93,73,88,0.7,CN,1690075762
316,salalah,17.0151,54.0924,298.2,100,100,1.03,OM,1690075960
317,college,64.8569,-147.8028,302.36,37,75,0.0,US,1690075960
318,karpinsk,59.7654,60.0085,286.25,97,100,2.56,RU,1690075960
319,tura,25.5198,90.2201,300.29,88,94,1.4,IN,1690075961
320,mata-utu,-13.2816,-176.1745,300.39,78,68,4.86,WF,1690075961
321,salekhard,66.53,66.6019,290.1,94,100,2.9,RU,1690075961
322,puerto colombia,10.9878,-74.9547,301.2,89,90,7.34,CO,1690075961
323,zhatay,62.1594,129.8294,299.18,50,0,3.13,RU,1690075961
324,maputo,-25.9653,32.5892,288.97,77,0,4.63,MZ,1690075689
325,port isabel,26.0734,-97.2086,305.2,75,0,7.2,US,1690075961
326,inirida,3.8653,-67.9239,295.7,98,73,1.09,CO,1690075961
327,calabozo,8.9242,-67.4293,296.83,94,100,0.64,VE,1690075962
328,canela,-29.3656,-50.8156,289.42,83,28,0.89,BR,1690075962
329,kamen'-na-obi,53.7884,81.3423,291.03,88,94,3.59,RU,1690075962
330,malanje,-9.5402,16.341,290.41,83,9,1.18,AO,1690075962
331,ujae,8.9322,165.7642,301.75,79,38,8.12,MH,1690075962
332,bela crkva,44.8975,21.4172,293.2,96,0,0.95,RS,1690075962
333,nar'yan-mar,67.6713,53.087,286.09,97,100,4.29,RU,1690075962
334,mariehamn,60.0973,19.9348,288.07,82,0,1.54,AX,1690075963
335,sao joao da barra,-21.6403,-41.0511,294.06,84,49,5.48,BR,1690075808
336,mao,39.8885,4.2658,298.46,78,0,2.57,ES,1690075963
337,gongzhuling,43.5008,124.8198,294.31,89,100,8.04,CN,1690075963
338,reggane,26.7158,0.1714,310.15,13,81,3.75,DZ,1690075963
339,praia da vitoria,38.7333,-27.0667,295.29,94,75,2.63,PT,1690075963
340,tateyama,34.9833,139.8667,299.14,70,33,2.03,JP,1690075963
341,badger,64.8,-147.5333,302.32,36,0,0.89,US,1690075964
342,mushie,-3.0167,16.9,297.09,62,69,1.73,CD,1690075964
343,smithfield,41.922,-71.5495,296.12,84,0,0.0,US,1690075703
344,al hazm,16.1641,44.7769,302.16,30,24,3.38,YE,1690075964
345,beitbridge,-22.2167,30.0,286.3,84,0,1.6,ZW,1690075964
346,wau,7.7029,27.9953,294.22,95,84,1.74,SS,1690075964
347,north shore,-36.8,174.75,288.62,67,28,2.68,NZ,1690075964
348,fang,19.9169,99.2145,300.87,85,90,0.4,TH,1690075964
349,namtsy,62.7161,129.6658,300.89,44,72,5.42,RU,1690075965
350,zouerate,22.7187,-12.4521,301.39,34,2,6.06,MR,1690075965
351,arkalyk,50.2486,66.9114,296.74,39,59,5.81,KZ,1690075965
352,mumford,5.2618,-0.759,297.15,91,100,4.72,GH,1690075965
353,badiyah,22.45,58.8,303.63,52,100,2.22,OM,1690075965
354,tromso,69.6496,18.957,286.69,82,75,2.06,NO,1690075965
355,al jawf,29.5,38.75,299.57,27,3,3.88,SA,1690075965
356,autazes,-3.5797,-59.1306,299.03,53,74,1.34,BR,1690075966
357,madang,-5.2246,145.7966,302.63,70,36,2.63,PG,1690075966
358,villa gesell,-37.2639,-56.973,283.74,92,100,7.42,AR,1690075966
359,labrador city,52.9463,-66.9114,289.1,94,100,1.03,CA,1690075810
360,beau vallon,-20.4189,57.6953,294.38,94,75,5.14,MU,1690075966
361,santa ana de yacuma,-13.75,-65.4333,298.47,42,0,1.53,BO,1690075966
362,lucas,41.6501,-83.6666,295.66,89,0,2.57,US,1690075966
363,berbera,10.4396,45.0143,305.62,43,96,15.24,SO,1690075966
364,linxia chengguanzhen,35.6003,103.2064,293.9,61,99,1.16,CN,1690075967
365,emerald,-23.5333,148.1667,289.45,36,98,3.71,AU,1690075844
366,maragogi,-9.0122,-35.2225,296.85,78,70,6.14,BR,1690075967
367,andorra,42.5,1.5,289.5,78,0,0.76,AD,1690075967
368,bathurst,-33.4166,149.5806,284.24,66,1,0.45,AU,1690075878
369,natal,-5.795,-35.2094,297.51,100,75,4.12,BR,1690075709
370,nalut,30.3333,10.85,302.48,17,0,5.22,LY,1690075967
371,chicoana,-25.1009,-65.5331,291.18,34,40,1.3,AR,1690075967
372,mersa matruh,31.3525,27.2453,300.26,89,0,5.14,EG,1690075967
373,cole harbour,44.6724,-63.4751,294.37,97,100,0.45,CA,1690075968
374,eyl,7.9803,49.8164,298.54,69,64,11.12,SO,1690075968
375,tara,56.8944,74.371,292.22,69,2,1.46,RU,1690075968
376,igarka,67.4667,86.5833,292.73,83,89,3.75,RU,1690075968
377,grimstad,58.3405,8.5934,284.1,86,2,4.06,NO,1690075968
378,villa huidobro,-34.8383,-64.5869,283.01,52,82,3.27,AR,1690075968
379,kalaleh,37.3807,55.4916,299.06,69,2,0.88,IR,1690075968
380,longyearbyen,78.2186,15.6401,282.06,71,40,2.06,SJ,1690075968
381,kill devil hills,36.0307,-75.676,298.14,93,100,4.12,US,1690075969
382,hotan,37.0997,79.9269,304.64,19,98,3.04,CN,1690075969
383,rabo de peixe,37.8,-25.5833,291.88,82,20,2.06,PT,1690075969
384,lhasa,29.65,91.1,289.79,53,100,1.93,CN,1690075969
385,papao,-17.75,-149.55,300.97,67,13,4.83,PF,1690075969
386,saint augustine beach,29.8505,-81.2654,297.15,94,3,3.6,US,1690075969
387,baiyin,36.5583,104.2081,298.46,39,80,0.83,CN,1690075969
388,laguna de perlas,12.3429,-83.6712,299.78,88,100,3.4,NI,1690075969
389,kolpny,52.2282,37.0368,286.98,94,100,1.63,RU,1690075970
390,fada,9.5667,8.3,292.67,99,46,0.99,NG,1690075970
391,tofol,5.3248,163.0078,304.03,66,75,4.12,FM,1690075970
392,yorkton,51.2167,-102.4677,297.06,57,0,1.54,CA,1690075970
393,n'zeto,-7.2312,12.8666,293.26,91,1,2.65,AO,1690075970
394,trincomalee,8.5711,81.2335,300.72,76,70,8.79,LK,1690075970
395,castillos,-34.1667,-53.8333,294.46,75,99,6.21,UY,1690075970
396,suva,-18.1416,178.4415,299.86,57,40,2.57,FJ,1690075971
397,barra do corda,-5.5,-45.25,295.03,46,8,0.42,BR,1690075971
398,nova sintra,14.8667,-24.7167,295.73,75,25,7.37,CV,1690075971
399,mirny,62.5353,113.9611,298.84,44,11,1.82,RU,1690075971
400,lorengau,-2.0226,147.2712,303.12,68,22,3.65,PG,1690075971
401,yuzhno-kurilsk,44.0306,145.8556,291.52,81,100,4.84,RU,1690075971
402,lamu,-2.2717,40.902,297.27,85,83,6.04,KE,1690075971
403,dali,25.7,100.1833,294.34,75,75,1.02,CN,1690075971
404,veinticinco de mayo,-35.4323,-60.1727,285.65,65,100,2.44,AR,1690075972
405,zuwarah,32.9312,12.082,303.05,40,0,4.24,LY,1690075972
406,mananjary,-21.2167,48.3333,291.73,91,37,1.25,MG,1690075972
407,kurtamysh,54.9103,64.4319,289.94,90,100,4.22,RU,1690075972
408,korschenbroich,51.1914,6.5135,293.14,73,100,1.54,DE,1690075972
409,bichura,50.5881,107.6022,293.09,78,100,0.34,RU,1690075972
410,kuraymah,18.55,31.85,304.09,12,2,3.71,SD,1690075972
411,saint-joseph,-21.3667,55.6167,291.19,81,44,6.45,RE,1690075973
412,kalawit,8.0667,122.5167,300.26,85,100,1.23,PH,1690075973
413,m'sila,35.7058,4.5419,305.21,12,0,4.13,DZ,1690075973
414,moberly,39.4184,-92.4382,300.14,44,75,3.09,US,1690075973
415,lusambo,-4.9667,23.45,299.33,31,67,0.69,CD,1690075973
416,tvoroyri,61.5556,-6.8111,283.56,88,25,8.01,FO,1690075973
417,touros,-5.1989,-35.4608,296.66,87,20,5.75,BR,1690075973
418,totskoye,52.5248,52.7623,289.68,64,30,1.45,RU,1690075973
419,geraldton,-28.7667,114.6,286.38,71,0,1.54,AU,1690075974
420,marsassoum,12.8275,-15.9806,299.2,87,36,2.73,SN,1690075974
421,al muwayh,22.4333,41.7583,299.32,17,8,4.58,SA,1690075974
422,ormara,25.2088,64.6357,301.63,83,100,1.66,PK,1690075974
423,beaudesert,-27.9833,152.9833,294.67,45,0,1.61,AU,1690075974
424,avsallar,36.616,31.7806,303.2,40,0,3.78,TR,1690075974
425,picota,-6.9197,-76.3304,298.42,72,11,0.29,PE,1690075974
426,broken hill,-31.95,141.4333,284.86,58,83,7.47,AU,1690075974
427,victorica,-36.2151,-65.4359,282.62,70,18,4.57,AR,1690075975
428,san carlos,9.6612,-68.5827,296.12,97,100,0.53,VE,1690075975
429,ende,-8.8432,121.6623,300.72,65,92,2.95,ID,1690075975
430,chachersk,52.9164,30.9179,288.1,99,83,2.39,BY,1690075975
431,okhotsk,59.3833,143.3,292.84,68,31,1.8,RU,1690075975
432,puerto maldonado,-12.6,-69.1833,296.59,63,0,0.21,PE,1690075975
433,klaksvik,62.2266,-6.589,283.66,85,49,6.2,FO,1690075976
434,gandajika,-6.75,23.95,295.65,34,8,2.17,CD,1690075977
435,mahdia,35.5047,11.0622,304.12,46,0,5.54,TN,1690075977
436,cill airne,52.05,-9.5167,287.95,98,100,2.52,IE,1690075977
437,pursat,12.3333,103.6667,301.51,79,100,0.98,KH,1690075977
438,lautoka,-17.6167,177.4667,299.07,65,75,5.14,FJ,1690075977
439,klyuchi,52.2667,79.1667,297.18,41,4,3.89,RU,1690075977
440,iron river,46.0927,-88.6423,291.57,89,99,1.44,US,1690075978
441,dara,15.3484,-15.4799,301.3,64,13,4.39,SN,1690075978
442,utrik,11.2278,169.8474,301.43,74,99,8.32,MH,1690075978
443,rouissat,31.9243,5.3502,307.19,10,0,3.6,DZ,1690075978
444,sinop,41.7711,34.8709,293.14,49,0,2.5,TR,1690075978
445,kruisfontein,-34.0033,24.7314,281.97,90,32,3.7,ZA,1690075978
446,fort bragg,35.139,-79.006,299.23,78,40,2.06,US,1690075978
447,barah,13.7,30.3667,300.87,59,46,6.02,SD,1690075978
448,xuddur,4.1213,43.8894,293.76,87,84,6.62,SO,1690075979
449,nuuk,64.1835,-51.7216,279.49,100,75,5.36,GL,1690075979
450,gallup,35.5281,-108.7426,307.06,10,0,5.66,US,1690075979
451,la ligua,-32.4524,-71.2311,284.69,78,97,1.84,CL,1690075938
452,cape coast,5.1053,-1.2466,297.36,90,100,4.72,GH,1690075979
453,lugoba,-6.45,38.3333,292.47,94,22,1.38,TZ,1690075979
454,saint george's,12.0564,-61.7485,300.97,83,20,5.66,GD,1690075979
455,tobelo,1.7284,128.0095,302.87,66,98,2.38,ID,1690075980
456,barakani,-12.1356,44.4317,297.85,76,19,6.8,KM,1690075980
457,chimoio,-19.1164,33.4833,286.07,100,52,0.69,MZ,1690075980
458,hamilton,39.1834,-84.5333,297.59,65,75,2.57,US,1690075880
459,la ronge,55.1001,-105.2842,293.29,52,100,2.06,CA,1690075980
460,zahedan,29.4963,60.8629,294.1,21,100,2.06,IR,1690075825
461,bochum,51.4833,7.2167,291.13,73,100,3.13,DE,1690075981
462,khilok,51.3674,110.4676,290.37,75,100,1.01,RU,1690075981
463,chibougamau,49.9168,-74.3659,290.94,88,100,0.65,CA,1690075940
464,key west,24.5557,-81.7826,305.15,68,0,2.57,US,1690075950
465,malaya vishera,58.8454,32.2222,285.14,85,96,2.38,RU,1690075982
466,novaya igirma,57.1334,103.9112,298.97,43,2,1.15,RU,1690075982
467,saint-philippe,-21.3585,55.7679,290.92,85,59,6.41,RE,1690075982
468,bonthe,7.5264,-12.505,298.23,87,77,3.28,SL,1690075982
469,barra da estiva,-13.6261,-41.3269,288.48,87,78,1.55,BR,1690075982
470,daru,-9.0763,143.2092,299.76,67,100,4.94,PG,1690075982
471,black river,18.0264,-77.8487,299.89,81,10,2.07,JM,1690075983
472,flin flon,54.7682,-101.865,292.61,37,73,3.03,CA,1690075983
473,mossel bay,-34.1831,22.146,281.11,84,100,4.4,ZA,1690075983
474,sa kaeo,13.75,102.3333,301.46,78,68,1.56,TH,1690075983
475,lazaro cardenas,17.9583,-102.2,301.45,82,80,1.74,MX,1690075983
476,zeya,53.75,127.2667,302.4,35,60,0.76,RU,1690075983
477,bubaque,11.2833,-15.8333,300.24,81,76,6.6,GW,1690075984
478,cidreira,-30.1811,-50.2056,290.43,88,15,3.89,BR,1690075984
479,t'aebaek,37.1759,128.9889,295.78,84,100,3.64,KR,1690075984
480,kimbe,-5.5502,150.1429,303.06,65,72,5.23,PG,1690075984
481,kalajoki,64.25,23.95,286.43,95,100,2.72,FI,1690075984
482,battambang,13.1027,103.1982,301.93,76,84,2.05,KH,1690075984
483,syzran',53.1585,48.4681,289.31,70,100,1.43,RU,1690075985
484,allapalli,19.4167,80.0667,298.65,91,100,1.6,IN,1690075985
485,antigonish,45.6169,-61.9986,295.83,98,100,1.79,CA,1690075748
486,saint-louis,16.3333,-15.0,301.45,65,30,6.05,SN,1690075985
487,byron bay,-28.65,153.6167,291.88,60,27,5.12,AU,1690075922
488,mudgee,-32.5943,149.5871,285.81,49,1,3.04,AU,1690075985
489,sanctuary point,-35.1114,150.629,289.81,56,56,4.15,AU,1690075985
490,sinabang,2.4803,96.3801,300.85,76,36,0.61,ID,1690075985
491,altay,47.8667,88.1167,298.79,25,0,3.77,CN,1690075986
492,naze,28.3667,129.4833,299.66,82,100,1.12,JP,1690075986
493,ola,59.5833,151.2833,288.23,93,100,1.62,RU,1690075986
494,tabou,4.423,-7.3528,297.71,84,89,3.8,CI,1690075986
495,kogalym,62.2654,74.4791,293.75,63,1,4.41,RU,1690075986
496,magong,23.5654,119.5863,301.93,81,100,3.5,TW,1690075986
497,maxixe,-23.8597,35.3472,289.06,87,0,2.18,MZ,1690075987
498,howrah,22.5892,88.3103,301.15,94,75,2.57,IN,1690075986
499,rantoul,40.3084,-88.1559,296.49,69,0,0.0,US,1690075987
500,trinidad,-14.8333,-64.9,296.8,49,0,1.32,BO,1690075987
501,mombetsu,44.3525,143.3525,296.16,94,75,2.57,JP,1690075987
502,kismayo,-0.3582,42.5454,298.07,84,95,6.71,SO,1690075987
503,saeby,57.3319,10.5225,283.11,91,12,3.66,DK,1690075987
504,walvis bay,-22.9575,14.5053,285.98,87,5,4.12,NA,1690075987
505,pitimbu,-7.4706,-34.8086,296.48,79,58,7.01,BR,1690075988
506,gorontalo,0.5412,123.0595,303.21,63,20,3.35,ID,1690075988
507,mejit,10.2753,170.8646,301.15,72,8,7.93,MH,1690075988
508,gadzhiyevo,69.2551,33.3362,282.46,79,100,6.47,RU,1690075988
509,woodward,36.4337,-99.3904,302.72,60,0,0.0,US,1690075988
510,porto recanati,43.4365,13.6613,297.99,45,7,2.73,IT,1690075989
511,prince rupert,54.3161,-130.3201,288.2,96,100,6.69,CA,1690075989
512,mizan teferi,6.9833,35.5833,288.77,86,84,1.33,ET,1690075989
513,harlingen,26.1906,-97.6961,306.2,76,0,7.2,US,1690075989
514,caldogno-rettorgole-cresole,45.6078,11.5028,294.95,88,56,2.01,IT,1690075989
515,tuy hoa,13.0833,109.3,304.23,61,90,3.31,VN,1690075989
516,tynda,55.1667,124.7167,297.39,50,83,2.34,RU,1690075990
517,anna regina,7.2644,-58.5077,299.48,83,98,2.99,GY,1690075990
518,lodja,-3.4833,23.4333,298.41,44,61,1.16,CD,1690075990
519,puerto leguizamo,-0.1934,-74.7819,294.95,94,8,1.29,CO,1690075990
520,garachico,28.7781,-17.7646,295.21,64,0,8.23,ES,1690075990
521,norilsk,69.3535,88.2027,291.18,90,96,0.93,RU,1690075990
522,flekkefjord,58.2971,6.6607,285.9,94,0,1.73,NO,1690075991
523,korla,41.7597,86.1469,301.28,32,100,2.13,CN,1690075758
524,swakopmund,-22.6833,14.5333,285.92,85,5,1.79,NA,1690075991
525,ha'il,27.5219,41.6907,300.16,16,0,0.0,SA,1690075991
526,ocean city,39.2776,-74.5746,298.14,67,31,1.67,US,1690075737
527,berezovo,63.9381,65.0419,290.95,73,53,3.07,RU,1690075991
528,san luis de la loma,17.2706,-100.8939,301.21,82,100,1.61,MX,1690075991
529,markovo,57.3206,107.0881,299.32,44,49,1.22,RU,1690075992
530,dauphin,51.1494,-100.0502,295.23,73,20,2.06,CA,1690075992
531,tenenkou,14.4572,-4.9169,300.04,69,97,3.3,ML,1690075992
532,margate,51.3813,1.3862,289.09,90,100,6.26,GB,1690075895
533,akureyri,65.6835,-18.0878,281.11,87,75,0.0,IS,1690075992
534,huanren,41.2647,125.3667,298.0,81,79,4.31,CN,1690075992
535,berdigestyakh,62.0989,126.6992,301.17,43,51,3.49,RU,1690075992
536,aguadilla,18.4275,-67.1541,302.36,86,40,4.12,PR,1690075992
537,kapuskasing,49.4169,-82.4331,295.2,60,75,1.54,CA,1690075982
538,chengde,40.9725,117.9361,301.67,47,13,2.78,CN,1690075993
539,konduga,11.6558,13.4213,300.23,67,100,2.66,NG,1690075993
540,jinchang,38.4953,102.1739,301.03,24,100,2.46,CN,1690075993
541,ambon,-3.6954,128.1814,301.23,78,40,3.09,ID,1690075993
542,punta arenas,-53.15,-70.9167,272.29,81,13,4.79,CL,1690075993
543,tomatlan,19.9333,-105.25,297.64,95,100,2.57,MX,1690075993
544,mirpur sakro,24.5474,67.6277,302.94,73,100,2.38,PK,1690075993
545,kirakira,-10.4544,161.9205,300.21,85,94,3.58,SB,1690075993
546,harper,4.375,-7.7169,298.0,82,97,4.02,LR,1690075994
547,ancud,-41.8697,-73.8203,278.12,74,16,1.49,CL,1690075948
548,kamaishi,39.2667,141.8833,299.59,74,73,4.71,JP,1690075994
549,choibalsan,48.0667,114.5,293.65,50,98,6.22,MN,1690075994
550,sangueya,10.7,-14.3667,296.95,96,27,1.06,GN,1690075994
551,kiffa,16.6166,-11.4045,303.13,61,100,8.65,MR,1690075994
552,eldorado at santa fe,35.5264,-105.9347,300.4,35,0,6.17,US,1690075995
553,chifeng,42.2683,118.9636,298.1,56,52,3.6,CN,1690075995
554,barabai,-2.5833,115.3833,304.07,55,21,0.29,ID,1690075995
555,camana,-16.6228,-72.7111,290.45,84,43,3.55,PE,1690075995
556,lompoc,34.6391,-120.4579,304.23,76,20,3.6,US,1690075715
557,cardigan,52.0847,-4.6591,289.11,93,93,7.21,GB,1690075995
558,international falls,48.6011,-93.411,295.25,60,0,2.06,US,1690075996
559,nouadhibou,20.931,-17.0347,296.14,78,3,9.26,MR,1690075996
560,mantsala,60.6609,25.2838,285.51,98,8,1.84,FI,1690075996
561,columbus,39.9612,-82.9988,297.83,67,40,1.54,US,1690075985
562,mersing,2.4312,103.8405,300.1,94,40,2.06,MY,1690075996
563,sadovoye,47.7764,44.5089,294.92,48,5,2.65,RU,1690075996
564,kangding,30.0513,101.9603,294.43,64,87,2.08,CN,1690075996
565,cooper's town,26.8667,-77.5167,302.89,73,82,2.41,BS,1690075997
566,sabancuy,18.9667,-91.1833,301.79,76,99,4.56,MX,1690075997
567,yung shue wan,22.2333,114.1167,305.0,79,81,0.89,HK,1690075997
568,homer,59.6425,-151.5483,293.58,64,0,7.2,US,1690075937
569,corzuela,-26.9537,-60.9693,298.32,32,100,3.46,AR,1690075997
570,i-n-salah,27.1935,2.4607,307.98,10,3,6.2,DZ,1690075997
571,takoradi,4.8845,-1.7554,297.19,90,97,4.19,GH,1690075997
572,arno,60.1167,18.6333,285.68,77,90,3.62,SE,1690075998
573,severo-yeniseyskiy,60.3725,93.0408,297.6,47,60,1.2,RU,1690075998
574,mbanza-ngungu,-5.25,14.8667,291.78,84,8,2.87,CD,1690075998
575,sausset-les-pins,43.3314,5.1043,297.09,68,0,3.6,FR,1690075998
576,parabel',58.6978,81.4825,291.76,93,100,1.71,RU,1690075998
577,atar,20.5169,-13.0499,305.1,42,0,5.52,MR,1690075998
578,barcelona,41.3888,2.159,298.54,81,75,1.54,ES,1690075911
579,janakkala,60.9,24.6,285.26,98,9,1.73,FI,1690075999
580,myingyan,21.4667,95.3833,304.77,61,26,3.72,MM,1690075999
581,bandar labuan,5.2888,115.2692,302.35,74,20,1.03,MY,1690075999
582,sona,45.4388,10.8255,295.66,73,0,3.09,IT,1690075999
583,powell river,49.8496,-124.5361,298.3,43,75,4.12,CA,1690075999
584,santa cruz,-17.8,-63.1667,297.85,69,0,6.17,BO,1690075805
585,wewak,-3.5534,143.6268,302.65,71,79,2.08,PG,1690076000
586,brzeg,50.8608,17.4674,287.84,65,86,3.12,PL,1690076000
587,srivardhan,18.0333,73.0167,299.51,90,100,8.03,IN,1690076000
